"GroupName","OptionSet","Exploit","Refine","Seconds","Filter","All","PQuits","DQuits","Settles","Trial","Shifting","ShiftingOccursIfTrial","ShiftingValueIfTrial","PQuits","DQuits","POffer","DOffer","DMSAcc","DMSAccL1","DMSTrialRelAccL1","AccSq","Accuracy","Accuracy_ForPlaintiff","Accuracy_ForDefendant","TrialRelativeAccSq","TrialRelativeAccuracy","TrialRelativeAccuracy_ForPlaintiff","TrialRelativeAccuracy_ForDefendant","SettlementOrJudgment","DsProportionOfCost","DsProportionOfCostIfTrial","TrialValuePreShiftingIfOccurs","TrialValueWithShiftingIfOccurs","PTrialEffect_IfOccurs","DTrialEffect_IfOccurs","ResolutionValueIncludingShiftedAmount","SettlementValue","PWealth","DWealth","PWelfare","DWelfare","PQuality","DQuality","NQuality","QualitySum","PBestGuess","DBestGuess","QualitySum_PInfo","QualitySum_DInfo","PBias","DBias","NBias","BiasSum","BiasSum_PInfo","BiasSum_DInfo","Quality","Alpha_Quality","Alpha_Both_Quality","Alpha_Plaintiff_Quality","Alpha_Defendant_Quality","Alpha_Plaintiff_Bias","Alpha_Defendant_Bias","Evidence_Both_Quality","TrialCost","FeeShifting","FSMargin","FeeShiftingThreshold"
"wtaes","wtaes;q0.833;c0.500;t0.4600","0","NaN","4","All",1,0,0,1,0,0,0,0,0,0,0.85,0.85,0.0002778,0.0166667,0.09,0.000278,0.0166667,0.0166667,0.0166667,0.0645,0.192,0.192,0.192,0.85,0.5,0.5,0.94,0.94,0.69,-0.19,0.85,0.85,0.85,0.15,0.85,0.15,-0.05,-0.05,-0.5,0.833333,0.666667,0.666667,0.833333,0.833333,0.5,0.5,0.5,0.5,0.5,0.5,0.833333,0.5,1,0,0,0.5,0.5,0.833333,0.5,1,0,0.46
"wtaes","wtaes;q0.833;c0.500;t0.4600","0","NaN","4","PBias1",0.1,0,0,1,0,0,0,0,0,0,0.85,0.85,0.0002778,0.0166667,0.15,0.000278,0.0166667,0.0166667,0.0166667,0.2325,0.36,0.36,0.36,0.85,0.5,0.5,0.7,0.7,0.45,0.05,0.85,0.85,0.85,0.15,0.85,0.15,-0.05,-0.05,-0.5,0.833333,0.554167,0.666667,0.833333,0.833333,0.05,0.5,0.5,0.275,0.05,0.5,0.833333,0.5,1,0,0,0.5,0.5,0.833333,0.5,1,0,0.46
"wtaes","wtaes;q0.833;c0.500;t0.4600","0","NaN","4","PBias2",0.1,0,0,1,0,0,0,0,0,0,0.85,0.85,0.0002778,0.0166667,0.05,0.000278,0.0166667,0.0166667,0.0166667,0.1625,0.29,0.29,0.29,0.85,0.5,0.5,0.8,0.8,0.55,-0.05,0.85,0.85,0.85,0.15,0.85,0.15,-0.05,-0.05,-0.5,0.833333,0.579167,0.666667,0.833333,0.833333,0.15,0.5,0.5,0.325,0.15,0.5,0.833333,0.5,1,0,0,0.5,0.5,0.833333,0.5,1,0,0.46
"wtaes","wtaes;q0.833;c0.500;t0.4600","0","NaN","4","PBias3",0.1,0,0,1,0,0,0,0,0,0,0.85,0.85,0.0002778,0.0166667,0.05,0.000278,0.0166667,0.0166667,0.0166667,0.0925,0.22,0.22,0.22,0.85,0.5,0.5,0.9,0.9,0.65,-0.15,0.85,0.85,0.85,0.15,0.85,0.15,-0.05,-0.05,-0.5,0.833333,0.604167,0.666667,0.833333,0.833333,0.25,0.5,0.5,0.375,0.25,0.5,0.833333,0.5,1,0,0,0.5,0.5,0.833333,0.5,1,0,0.46
"wtaes","wtaes;q0.833;c0.500;t0.4600","0","NaN","4","PBias4",0.1,0,0,1,0,0,0,0,0,0,0.85,0.85,0.0002778,0.0166667,0.15,0.000278,0.0166667,0.0166667,0.0166667,0.0225,0.15,0.15,0.15,0.85,0.5,0.5,1,1,0.75,-0.25,0.85,0.85,0.85,0.15,0.85,0.15,-0.05,-0.05,-0.5,0.833333,0.629167,0.666667,0.833333,0.833333,0.35,0.5,0.5,0.425,0.35,0.5,0.833333,0.5,1,0,0,0.5,0.5,0.833333,0.5,1,0,0.46
"wtaes","wtaes;q0.833;c0.500;t0.4600","0","NaN","4","PBias5",0.1,0,0,1,0,0,0,0,0,0,0.85,0.85,0.0002778,0.0166667,0.15,0.000278,0.0166667,0.0166667,0.0166667,0.0225,0.15,0.15,0.15,0.85,0.5,0.5,1,1,0.75,-0.25,0.85,0.85,0.85,0.15,0.85,0.15,-0.05,-0.05,-0.5,0.833333,0.654167,0.666667,0.833333,0.833333,0.45,0.5,0.5,0.475,0.45,0.5,0.833333,0.5,1,0,0,0.5,0.5,0.833333,0.5,1,0,0.46
"wtaes","wtaes;q0.833;c0.500;t0.4600","0","NaN","4","PBias6",0.1,0,0,1,0,0,0,0,0,0,0.85,0.85,0.0002778,0.0166667,0.15,0.000278,0.0166667,0.0166667,0.0166667,0.0225,0.15,0.15,0.15,0.85,0.5,0.5,1,1,0.75,-0.25,0.85,0.85,0.85,0.15,0.85,0.15,-0.05,-0.05,-0.5,0.833333,0.679167,0.666667,0.833333,0.833333,0.55,0.5,0.5,0.525,0.55,0.5,0.833333,0.5,1,0,0,0.5,0.5,0.833333,0.5,1,0,0.46
"wtaes","wtaes;q0.833;c0.500;t0.4600","0","NaN","4","PBias7",0.1,0,0,1,0,0,0,0,0,0,0.85,0.85,0.0002778,0.0166667,0.15,0.000278,0.0166667,0.0166667,0.0166667,0.0225,0.15,0.15,0.15,0.85,0.5,0.5,1,1,0.75,-0.25,0.85,0.85,0.85,0.15,0.85,0.15,-0.05,-0.05,-0.5,0.833333,0.704167,0.666667,0.833333,0.833333,0.65,0.5,0.5,0.575,0.65,0.5,0.833333,0.5,1,0,0,0.5,0.5,0.833333,0.5,1,0,0.46
"wtaes","wtaes;q0.833;c0.500;t0.4600","0","NaN","4","PBias8",0.1,0,0,1,0,0,0,0,0,0,0.85,0.85,0.0002778,0.0166667,0.15,0.000278,0.0166667,0.0166667,0.0166667,0.0225,0.15,0.15,0.15,0.85,0.5,0.5,1,1,0.75,-0.25,0.85,0.85,0.85,0.15,0.85,0.15,-0.05,-0.05,-0.5,0.833333,0.729167,0.666667,0.833333,0.833333,0.75,0.5,0.5,0.625,0.75,0.5,0.833333,0.5,1,0,0,0.5,0.5,0.833333,0.5,1,0,0.46
"wtaes","wtaes;q0.833;c0.500;t0.4600","0","NaN","4","PBias9",0.1,0,0,1,0,0,0,0,0,0,0.85,0.85,0.0002778,0.0166667,0.15,0.000278,0.0166667,0.0166667,0.0166667,0.0225,0.15,0.15,0.15,0.85,0.5,0.5,1,1,0.75,-0.25,0.85,0.85,0.85,0.15,0.85,0.15,-0.05,-0.05,-0.5,0.833333,0.754167,0.666667,0.833333,0.833333,0.85,0.5,0.5,0.675,0.85,0.5,0.833333,0.5,1,0,0,0.5,0.5,0.833333,0.5,1,0,0.46
"wtaes","wtaes;q0.833;c0.500;t0.4600","0","NaN","4","PBias10",0.1,0,0,1,0,0,0,0,0,0,0.85,0.85,0.0002778,0.0166667,0.15,0.000278,0.0166667,0.0166667,0.0166667,0.0225,0.15,0.15,0.15,0.85,0.5,0.5,1,1,0.75,-0.25,0.85,0.85,0.85,0.15,0.85,0.15,-0.05,-0.05,-0.5,0.833333,0.779167,0.666667,0.833333,0.833333,0.95,0.5,0.5,0.725,0.95,0.5,0.833333,0.5,1,0,0,0.5,0.5,0.833333,0.5,1,0,0.46
"wtaes","wtaes;q0.833;c0.500;t0.4600","0","NaN","4","DBias1",0.1,0,0,1,0,0,0,0,0,0,0.85,0.85,0.0002778,0.0166667,0.15,0.000278,0.0166667,0.0166667,0.0166667,0.2325,0.36,0.36,0.36,0.85,0.5,0.5,0.7,0.7,0.45,0.05,0.85,0.85,0.85,0.15,0.85,0.15,-0.05,-0.05,-0.5,0.833333,0.666667,0.554167,0.833333,0.833333,0.5,0.05,0.5,0.275,0.5,0.05,0.833333,0.5,1,0,0,0.5,0.5,0.833333,0.5,1,0,0.46
"wtaes","wtaes;q0.833;c0.500;t0.4600","0","NaN","4","DBias2",0.1,0,0,1,0,0,0,0,0,0,0.85,0.85,0.0002778,0.0166667,0.05,0.000278,0.0166667,0.0166667,0.0166667,0.1625,0.29,0.29,0.29,0.85,0.5,0.5,0.8,0.8,0.55,-0.05,0.85,0.85,0.85,0.15,0.85,0.15,-0.05,-0.05,-0.5,0.833333,0.666667,0.579167,0.833333,0.833333,0.5,0.15,0.5,0.325,0.5,0.15,0.833333,0.5,1,0,0,0.5,0.5,0.833333,0.5,1,0,0.46
"wtaes","wtaes;q0.833;c0.500;t0.4600","0","NaN","4","DBias3",0.1,0,0,1,0,0,0,0,0,0,0.85,0.85,0.0002778,0.0166667,0.05,0.000278,0.0166667,0.0166667,0.0166667,0.0925,0.22,0.22,0.22,0.85,0.5,0.5,0.9,0.9,0.65,-0.15,0.85,0.85,0.85,0.15,0.85,0.15,-0.05,-0.05,-0.5,0.833333,0.666667,0.604167,0.833333,0.833333,0.5,0.25,0.5,0.375,0.5,0.25,0.833333,0.5,1,0,0,0.5,0.5,0.833333,0.5,1,0,0.46
"wtaes","wtaes;q0.833;c0.500;t0.4600","0","NaN","4","DBias4",0.1,0,0,1,0,0,0,0,0,0,0.85,0.85,0.0002778,0.0166667,0.15,0.000278,0.0166667,0.0166667,0.0166667,0.0225,0.15,0.15,0.15,0.85,0.5,0.5,1,1,0.75,-0.25,0.85,0.85,0.85,0.15,0.85,0.15,-0.05,-0.05,-0.5,0.833333,0.666667,0.629167,0.833333,0.833333,0.5,0.35,0.5,0.425,0.5,0.35,0.833333,0.5,1,0,0,0.5,0.5,0.833333,0.5,1,0,0.46
"wtaes","wtaes;q0.833;c0.500;t0.4600","0","NaN","4","DBias5",0.1,0,0,1,0,0,0,0,0,0,0.85,0.85,0.0002778,0.0166667,0.15,0.000278,0.0166667,0.0166667,0.0166667,0.0225,0.15,0.15,0.15,0.85,0.5,0.5,1,1,0.75,-0.25,0.85,0.85,0.85,0.15,0.85,0.15,-0.05,-0.05,-0.5,0.833333,0.666667,0.654167,0.833333,0.833333,0.5,0.45,0.5,0.475,0.5,0.45,0.833333,0.5,1,0,0,0.5,0.5,0.833333,0.5,1,0,0.46
"wtaes","wtaes;q0.833;c0.500;t0.4600","0","NaN","4","DBias6",0.1,0,0,1,0,0,0,0,0,0,0.85,0.85,0.0002778,0.0166667,0.15,0.000278,0.0166667,0.0166667,0.0166667,0.0225,0.15,0.15,0.15,0.85,0.5,0.5,1,1,0.75,-0.25,0.85,0.85,0.85,0.15,0.85,0.15,-0.05,-0.05,-0.5,0.833333,0.666667,0.679167,0.833333,0.833333,0.5,0.55,0.5,0.525,0.5,0.55,0.833333,0.5,1,0,0,0.5,0.5,0.833333,0.5,1,0,0.46
"wtaes","wtaes;q0.833;c0.500;t0.4600","0","NaN","4","DBias7",0.1,0,0,1,0,0,0,0,0,0,0.85,0.85,0.0002778,0.0166667,0.15,0.000278,0.0166667,0.0166667,0.0166667,0.0225,0.15,0.15,0.15,0.85,0.5,0.5,1,1,0.75,-0.25,0.85,0.85,0.85,0.15,0.85,0.15,-0.05,-0.05,-0.5,0.833333,0.666667,0.704167,0.833333,0.833333,0.5,0.65,0.5,0.575,0.5,0.65,0.833333,0.5,1,0,0,0.5,0.5,0.833333,0.5,1,0,0.46
"wtaes","wtaes;q0.833;c0.500;t0.4600","0","NaN","4","DBias8",0.1,0,0,1,0,0,0,0,0,0,0.85,0.85,0.0002778,0.0166667,0.15,0.000278,0.0166667,0.0166667,0.0166667,0.0225,0.15,0.15,0.15,0.85,0.5,0.5,1,1,0.75,-0.25,0.85,0.85,0.85,0.15,0.85,0.15,-0.05,-0.05,-0.5,0.833333,0.666667,0.729167,0.833333,0.833333,0.5,0.75,0.5,0.625,0.5,0.75,0.833333,0.5,1,0,0,0.5,0.5,0.833333,0.5,1,0,0.46
"wtaes","wtaes;q0.833;c0.500;t0.4600","0","NaN","4","DBias9",0.1,0,0,1,0,0,0,0,0,0,0.85,0.85,0.0002778,0.0166667,0.15,0.000278,0.0166667,0.0166667,0.0166667,0.0225,0.15,0.15,0.15,0.85,0.5,0.5,1,1,0.75,-0.25,0.85,0.85,0.85,0.15,0.85,0.15,-0.05,-0.05,-0.5,0.833333,0.666667,0.754167,0.833333,0.833333,0.5,0.85,0.5,0.675,0.5,0.85,0.833333,0.5,1,0,0,0.5,0.5,0.833333,0.5,1,0,0.46
"wtaes","wtaes;q0.833;c0.500;t0.4600","0","NaN","4","DBias10",0.1,0,0,1,0,0,0,0,0,0,0.85,0.85,0.0002778,0.0166667,0.15,0.000278,0.0166667,0.0166667,0.0166667,0.0225,0.15,0.15,0.15,0.85,0.5,0.5,1,1,0.75,-0.25,0.85,0.85,0.85,0.15,0.85,0.15,-0.05,-0.05,-0.5,0.833333,0.666667,0.779167,0.833333,0.833333,0.5,0.95,0.5,0.725,0.5,0.95,0.833333,0.5,1,0,0,0.5,0.5,0.833333,0.5,1,0,0.46
"wtaes","wtaes;q0.833;c0.500;t0.4600","0","NaN","4","POffer1",0,,,,,,,,,,,,,,,,,,,,,,,,,,,,,,,,,,,,,,,,,,,,,,,,,,,,,,,,,,,,,
"wtaes","wtaes;q0.833;c0.500;t0.4600","0","NaN","4","POffer2",0,,,,,,,,,,,,,,,,,,,,,,,,,,,,,,,,,,,,,,,,,,,,,,,,,,,,,,,,,,,,,
"wtaes","wtaes;q0.833;c0.500;t0.4600","0","NaN","4","POffer3",0,,,,,,,,,,,,,,,,,,,,,,,,,,,,,,,,,,,,,,,,,,,,,,,,,,,,,,,,,,,,,
"wtaes","wtaes;q0.833;c0.500;t0.4600","0","NaN","4","POffer4",0,,,,,,,,,,,,,,,,,,,,,,,,,,,,,,,,,,,,,,,,,,,,,,,,,,,,,,,,,,,,,
"wtaes","wtaes;q0.833;c0.500;t0.4600","0","NaN","4","POffer5",0,,,,,,,,,,,,,,,,,,,,,,,,,,,,,,,,,,,,,,,,,,,,,,,,,,,,,,,,,,,,,
"wtaes","wtaes;q0.833;c0.500;t0.4600","0","NaN","4","POffer6",0,,,,,,,,,,,,,,,,,,,,,,,,,,,,,,,,,,,,,,,,,,,,,,,,,,,,,,,,,,,,,
"wtaes","wtaes;q0.833;c0.500;t0.4600","0","NaN","4","POffer7",0,,,,,,,,,,,,,,,,,,,,,,,,,,,,,,,,,,,,,,,,,,,,,,,,,,,,,,,,,,,,,
"wtaes","wtaes;q0.833;c0.500;t0.4600","0","NaN","4","POffer8",0,,,,,,,,,,,,,,,,,,,,,,,,,,,,,,,,,,,,,,,,,,,,,,,,,,,,,,,,,,,,,
"wtaes","wtaes;q0.833;c0.500;t0.4600","0","NaN","4","POffer9",1,0,0,1,0,0,0,0,0,0,0.85,0.85,0.0002778,0.0166667,0.09,0.000278,0.0166667,0.0166667,0.0166667,0.0645,0.192,0.192,0.192,0.85,0.5,0.5,0.94,0.94,0.69,-0.19,0.85,0.85,0.85,0.15,0.85,0.15,-0.05,-0.05,-0.5,0.833333,0.666667,0.666667,0.833333,0.833333,0.5,0.5,0.5,0.5,0.5,0.5,0.833333,0.5,1,0,0,0.5,0.5,0.833333,0.5,1,0,0.46
"wtaes","wtaes;q0.833;c0.500;t0.4600","0","NaN","4","POffer10",0,,,,,,,,,,,,,,,,,,,,,,,,,,,,,,,,,,,,,,,,,,,,,,,,,,,,,,,,,,,,,
"wtaes","wtaes;q0.833;c0.500;t0.4600","0","NaN","4","DOffer1",0,,,,,,,,,,,,,,,,,,,,,,,,,,,,,,,,,,,,,,,,,,,,,,,,,,,,,,,,,,,,,
"wtaes","wtaes;q0.833;c0.500;t0.4600","0","NaN","4","DOffer2",0,,,,,,,,,,,,,,,,,,,,,,,,,,,,,,,,,,,,,,,,,,,,,,,,,,,,,,,,,,,,,
"wtaes","wtaes;q0.833;c0.500;t0.4600","0","NaN","4","DOffer3",0,,,,,,,,,,,,,,,,,,,,,,,,,,,,,,,,,,,,,,,,,,,,,,,,,,,,,,,,,,,,,
"wtaes","wtaes;q0.833;c0.500;t0.4600","0","NaN","4","DOffer4",0,,,,,,,,,,,,,,,,,,,,,,,,,,,,,,,,,,,,,,,,,,,,,,,,,,,,,,,,,,,,,
"wtaes","wtaes;q0.833;c0.500;t0.4600","0","NaN","4","DOffer5",0,,,,,,,,,,,,,,,,,,,,,,,,,,,,,,,,,,,,,,,,,,,,,,,,,,,,,,,,,,,,,
"wtaes","wtaes;q0.833;c0.500;t0.4600","0","NaN","4","DOffer6",0,,,,,,,,,,,,,,,,,,,,,,,,,,,,,,,,,,,,,,,,,,,,,,,,,,,,,,,,,,,,,
"wtaes","wtaes;q0.833;c0.500;t0.4600","0","NaN","4","DOffer7",0,,,,,,,,,,,,,,,,,,,,,,,,,,,,,,,,,,,,,,,,,,,,,,,,,,,,,,,,,,,,,
"wtaes","wtaes;q0.833;c0.500;t0.4600","0","NaN","4","DOffer8",0,,,,,,,,,,,,,,,,,,,,,,,,,,,,,,,,,,,,,,,,,,,,,,,,,,,,,,,,,,,,,
"wtaes","wtaes;q0.833;c0.500;t0.4600","0","NaN","4","DOffer9",1,0,0,1,0,0,0,0,0,0,0.85,0.85,0.0002778,0.0166667,0.09,0.000278,0.0166667,0.0166667,0.0166667,0.0645,0.192,0.192,0.192,0.85,0.5,0.5,0.94,0.94,0.69,-0.19,0.85,0.85,0.85,0.15,0.85,0.15,-0.05,-0.05,-0.5,0.833333,0.666667,0.666667,0.833333,0.833333,0.5,0.5,0.5,0.5,0.5,0.5,0.833333,0.5,1,0,0,0.5,0.5,0.833333,0.5,1,0,0.46
"wtaes","wtaes;q0.833;c0.500;t0.4600","0","NaN","4","DOffer10",0,,,,,,,,,,,,,,,,,,,,,,,,,,,,,,,,,,,,,,,,,,,,,,,,,,,,,,,,,,,,,
"wtaes","wtaes;q0.833;c0.500;t0.4600","0","NaN","4","QualitySum1",0,,,,,,,,,,,,,,,,,,,,,,,,,,,,,,,,,,,,,,,,,,,,,,,,,,,,,,,,,,,,,
"wtaes","wtaes;q0.833;c0.500;t0.4600","0","NaN","4","QualitySum2",0,,,,,,,,,,,,,,,,,,,,,,,,,,,,,,,,,,,,,,,,,,,,,,,,,,,,,,,,,,,,,
"wtaes","wtaes;q0.833;c0.500;t0.4600","0","NaN","4","QualitySum3",0,,,,,,,,,,,,,,,,,,,,,,,,,,,,,,,,,,,,,,,,,,,,,,,,,,,,,,,,,,,,,
"wtaes","wtaes;q0.833;c0.500;t0.4600","0","NaN","4","QualitySum4",0,,,,,,,,,,,,,,,,,,,,,,,,,,,,,,,,,,,,,,,,,,,,,,,,,,,,,,,,,,,,,
"wtaes","wtaes;q0.833;c0.500;t0.4600","0","NaN","4","QualitySum5",0,,,,,,,,,,,,,,,,,,,,,,,,,,,,,,,,,,,,,,,,,,,,,,,,,,,,,,,,,,,,,
"wtaes","wtaes;q0.833;c0.500;t0.4600","0","NaN","4","QualitySum6",0,,,,,,,,,,,,,,,,,,,,,,,,,,,,,,,,,,,,,,,,,,,,,,,,,,,,,,,,,,,,,
"wtaes","wtaes;q0.833;c0.500;t0.4600","0","NaN","4","QualitySum7",0,,,,,,,,,,,,,,,,,,,,,,,,,,,,,,,,,,,,,,,,,,,,,,,,,,,,,,,,,,,,,
"wtaes","wtaes;q0.833;c0.500;t0.4600","0","NaN","4","QualitySum8",0,,,,,,,,,,,,,,,,,,,,,,,,,,,,,,,,,,,,,,,,,,,,,,,,,,,,,,,,,,,,,
"wtaes","wtaes;q0.833;c0.500;t0.4600","0","NaN","4","QualitySum9",0,,,,,,,,,,,,,,,,,,,,,,,,,,,,,,,,,,,,,,,,,,,,,,,,,,,,,,,,,,,,,
"wtaes","wtaes;q0.833;c0.500;t0.4600","0","NaN","4","QualitySum10",0,,,,,,,,,,,,,,,,,,,,,,,,,,,,,,,,,,,,,,,,,,,,,,,,,,,,,,,,,,,,,
"wtaes","wtaes;q0.833;c0.500;t0.4600","0","NaN","4","QualitySum11",0,,,,,,,,,,,,,,,,,,,,,,,,,,,,,,,,,,,,,,,,,,,,,,,,,,,,,,,,,,,,,
"wtaes","wtaes;q0.833;c0.500;t0.4600","0","NaN","4","QualitySum12",0,,,,,,,,,,,,,,,,,,,,,,,,,,,,,,,,,,,,,,,,,,,,,,,,,,,,,,,,,,,,,
"wtaes","wtaes;q0.833;c0.500;t0.4600","0","NaN","4","QualitySum13",0,,,,,,,,,,,,,,,,,,,,,,,,,,,,,,,,,,,,,,,,,,,,,,,,,,,,,,,,,,,,,
"wtaes","wtaes;q0.833;c0.500;t0.4600","0","NaN","4","QualitySum14",0,,,,,,,,,,,,,,,,,,,,,,,,,,,,,,,,,,,,,,,,,,,,,,,,,,,,,,,,,,,,,
"wtaes","wtaes;q0.833;c0.500;t0.4600","0","NaN","4","QualitySum15",0,,,,,,,,,,,,,,,,,,,,,,,,,,,,,,,,,,,,,,,,,,,,,,,,,,,,,,,,,,,,,
"wtaes","wtaes;q0.833;c0.500;t0.4600","0","NaN","4","QualitySum16",0,,,,,,,,,,,,,,,,,,,,,,,,,,,,,,,,,,,,,,,,,,,,,,,,,,,,,,,,,,,,,
"wtaes","wtaes;q0.833;c0.500;t0.4600","0","NaN","4","QualitySum17",1,0,0,1,0,0,0,0,0,0,0.85,0.85,0.0002778,0.0166667,0.09,0.000278,0.0166667,0.0166667,0.0166667,0.0645,0.192,0.192,0.192,0.85,0.5,0.5,0.94,0.94,0.69,-0.19,0.85,0.85,0.85,0.15,0.85,0.15,-0.05,-0.05,-0.5,0.833333,0.666667,0.666667,0.833333,0.833333,0.5,0.5,0.5,0.5,0.5,0.5,0.833333,0.5,1,0,0,0.5,0.5,0.833333,0.5,1,0,0.46
"wtaes","wtaes;q0.833;c0.500;t0.4600","0","NaN","4","QualitySum18",0,,,,,,,,,,,,,,,,,,,,,,,,,,,,,,,,,,,,,,,,,,,,,,,,,,,,,,,,,,,,,
"wtaes","wtaes;q0.833;c0.500;t0.4600","0","NaN","4","QualitySum19",0,,,,,,,,,,,,,,,,,,,,,,,,,,,,,,,,,,,,,,,,,,,,,,,,,,,,,,,,,,,,,
"wtaes","wtaes;q0.833;c0.500;t0.4600","0","NaN","4","QualitySum20",0,,,,,,,,,,,,,,,,,,,,,,,,,,,,,,,,,,,,,,,,,,,,,,,,,,,,,,,,,,,,,
"wtaes","wtaes;q0.833;c0.500;t0.4600","0","NaN","4","PBestGuess1",0,,,,,,,,,,,,,,,,,,,,,,,,,,,,,,,,,,,,,,,,,,,,,,,,,,,,,,,,,,,,,
"wtaes","wtaes;q0.833;c0.500;t0.4600","0","NaN","4","PBestGuess2",0,,,,,,,,,,,,,,,,,,,,,,,,,,,,,,,,,,,,,,,,,,,,,,,,,,,,,,,,,,,,,
"wtaes","wtaes;q0.833;c0.500;t0.4600","0","NaN","4","PBestGuess3",0,,,,,,,,,,,,,,,,,,,,,,,,,,,,,,,,,,,,,,,,,,,,,,,,,,,,,,,,,,,,,
"wtaes","wtaes;q0.833;c0.500;t0.4600","0","NaN","4","PBestGuess4",0,,,,,,,,,,,,,,,,,,,,,,,,,,,,,,,,,,,,,,,,,,,,,,,,,,,,,,,,,,,,,
"wtaes","wtaes;q0.833;c0.500;t0.4600","0","NaN","4","PBestGuess5",0,,,,,,,,,,,,,,,,,,,,,,,,,,,,,,,,,,,,,,,,,,,,,,,,,,,,,,,,,,,,,
"wtaes","wtaes;q0.833;c0.500;t0.4600","0","NaN","4","PBestGuess6",0,,,,,,,,,,,,,,,,,,,,,,,,,,,,,,,,,,,,,,,,,,,,,,,,,,,,,,,,,,,,,
"wtaes","wtaes;q0.833;c0.500;t0.4600","0","NaN","4","PBestGuess7",0,,,,,,,,,,,,,,,,,,,,,,,,,,,,,,,,,,,,,,,,,,,,,,,,,,,,,,,,,,,,,
"wtaes","wtaes;q0.833;c0.500;t0.4600","0","NaN","4","PBestGuess8",0,,,,,,,,,,,,,,,,,,,,,,,,,,,,,,,,,,,,,,,,,,,,,,,,,,,,,,,,,,,,,
"wtaes","wtaes;q0.833;c0.500;t0.4600","0","NaN","4","PBestGuess9",0,,,,,,,,,,,,,,,,,,,,,,,,,,,,,,,,,,,,,,,,,,,,,,,,,,,,,,,,,,,,,
"wtaes","wtaes;q0.833;c0.500;t0.4600","0","NaN","4","PBestGuess10",0,,,,,,,,,,,,,,,,,,,,,,,,,,,,,,,,,,,,,,,,,,,,,,,,,,,,,,,,,,,,,
"wtaes","wtaes;q0.833;c0.500;t0.4600","0","NaN","4","PBestGuess11",0,,,,,,,,,,,,,,,,,,,,,,,,,,,,,,,,,,,,,,,,,,,,,,,,,,,,,,,,,,,,,
"wtaes","wtaes;q0.833;c0.500;t0.4600","0","NaN","4","PBestGuess12",0.2,0,0,1,0,0,0,0,0,0,0.85,0.85,0.0002778,0.0166667,0.1,0.000278,0.0166667,0.0166667,0.0166667,0.1975,0.325,0.325,0.325,0.85,0.5,0.5,0.75,0.75,0.5,2.6020900000000003E-17,0.85,0.85,0.85,0.15,0.85,0.15,-0.05,-0.05,-0.5,0.833333,0.566667,0.666667,0.833333,0.833333,0.1,0.5,0.5,0.3,0.1,0.5,0.833333,0.5,1,0,0,0.5,0.5,0.833333,0.5,1,0,0.46
"wtaes","wtaes;q0.833;c0.500;t0.4600","0","NaN","4","PBestGuess13",0.2,0,0,1,0,0,0,0,0,0,0.85,0.85,0.0002778,0.0166667,0.1,0.000278,0.0166667,0.0166667,0.0166667,0.0575,0.185,0.185,0.185,0.85,0.5,0.5,0.95,0.95,0.7,-0.2,0.85,0.85,0.85,0.15,0.85,0.15,-0.05,-0.05,-0.5,0.833333,0.616667,0.666667,0.833333,0.833333,0.3,0.5,0.5,0.4,0.3,0.5,0.833333,0.5,1,0,0,0.5,0.5,0.833333,0.5,1,0,0.46
"wtaes","wtaes;q0.833;c0.500;t0.4600","0","NaN","4","PBestGuess14",0.2,0,0,1,0,0,0,0,0,0,0.85,0.85,0.0002778,0.0166667,0.15,0.000278,0.0166667,0.0166667,0.0166667,0.0225,0.15,0.15,0.15,0.85,0.5,0.5,1,1,0.75,-0.25,0.85,0.85,0.85,0.15,0.85,0.15,-0.05,-0.05,-0.5,0.833333,0.666667,0.666667,0.833333,0.833333,0.5,0.5,0.5,0.5,0.5,0.5,0.833333,0.5,1,0,0,0.5,0.5,0.833333,0.5,1,0,0.46
"wtaes","wtaes;q0.833;c0.500;t0.4600","0","NaN","4","PBestGuess15",0.2,0,0,1,0,0,0,0,0,0,0.85,0.85,0.0002778,0.0166667,0.15,0.000278,0.0166667,0.0166667,0.0166667,0.0225,0.15,0.15,0.15,0.85,0.5,0.5,1,1,0.75,-0.25,0.85,0.85,0.85,0.15,0.85,0.15,-0.05,-0.05,-0.5,0.833333,0.716667,0.666667,0.833333,0.833333,0.7,0.5,0.5,0.6,0.7,0.5,0.833333,0.5,1,0,0,0.5,0.5,0.833333,0.5,1,0,0.46
"wtaes","wtaes;q0.833;c0.500;t0.4600","0","NaN","4","PBestGuess16",0.2,0,0,1,0,0,0,0,0,0,0.85,0.85,0.0002778,0.0166667,0.15,0.000278,0.0166667,0.0166667,0.0166667,0.0225,0.15,0.15,0.15,0.85,0.5,0.5,1,1,0.75,-0.25,0.85,0.85,0.85,0.15,0.85,0.15,-0.05,-0.05,-0.5,0.833333,0.766667,0.666667,0.833333,0.833333,0.9,0.5,0.5,0.7,0.9,0.5,0.833333,0.5,1,0,0,0.5,0.5,0.833333,0.5,1,0,0.46
"wtaes","wtaes;q0.833;c0.500;t0.4600","0","NaN","4","PBestGuess17",0,,,,,,,,,,,,,,,,,,,,,,,,,,,,,,,,,,,,,,,,,,,,,,,,,,,,,,,,,,,,,
"wtaes","wtaes;q0.833;c0.500;t0.4600","0","NaN","4","PBestGuess18",0,,,,,,,,,,,,,,,,,,,,,,,,,,,,,,,,,,,,,,,,,,,,,,,,,,,,,,,,,,,,,
"wtaes","wtaes;q0.833;c0.500;t0.4600","0","NaN","4","PBestGuess19",0,,,,,,,,,,,,,,,,,,,,,,,,,,,,,,,,,,,,,,,,,,,,,,,,,,,,,,,,,,,,,
"wtaes","wtaes;q0.833;c0.500;t0.4600","0","NaN","4","PBestGuess20",0,,,,,,,,,,,,,,,,,,,,,,,,,,,,,,,,,,,,,,,,,,,,,,,,,,,,,,,,,,,,,
"wtaes","wtaes;q0.833;c0.500;t0.4600","0","NaN","4","DBestGuess1",0,,,,,,,,,,,,,,,,,,,,,,,,,,,,,,,,,,,,,,,,,,,,,,,,,,,,,,,,,,,,,
"wtaes","wtaes;q0.833;c0.500;t0.4600","0","NaN","4","DBestGuess2",0,,,,,,,,,,,,,,,,,,,,,,,,,,,,,,,,,,,,,,,,,,,,,,,,,,,,,,,,,,,,,
"wtaes","wtaes;q0.833;c0.500;t0.4600","0","NaN","4","DBestGuess3",0,,,,,,,,,,,,,,,,,,,,,,,,,,,,,,,,,,,,,,,,,,,,,,,,,,,,,,,,,,,,,
"wtaes","wtaes;q0.833;c0.500;t0.4600","0","NaN","4","DBestGuess4",0,,,,,,,,,,,,,,,,,,,,,,,,,,,,,,,,,,,,,,,,,,,,,,,,,,,,,,,,,,,,,
"wtaes","wtaes;q0.833;c0.500;t0.4600","0","NaN","4","DBestGuess5",0,,,,,,,,,,,,,,,,,,,,,,,,,,,,,,,,,,,,,,,,,,,,,,,,,,,,,,,,,,,,,
"wtaes","wtaes;q0.833;c0.500;t0.4600","0","NaN","4","DBestGuess6",0,,,,,,,,,,,,,,,,,,,,,,,,,,,,,,,,,,,,,,,,,,,,,,,,,,,,,,,,,,,,,
"wtaes","wtaes;q0.833;c0.500;t0.4600","0","NaN","4","DBestGuess7",0,,,,,,,,,,,,,,,,,,,,,,,,,,,,,,,,,,,,,,,,,,,,,,,,,,,,,,,,,,,,,
"wtaes","wtaes;q0.833;c0.500;t0.4600","0","NaN","4","DBestGuess8",0,,,,,,,,,,,,,,,,,,,,,,,,,,,,,,,,,,,,,,,,,,,,,,,,,,,,,,,,,,,,,
"wtaes","wtaes;q0.833;c0.500;t0.4600","0","NaN","4","DBestGuess9",0,,,,,,,,,,,,,,,,,,,,,,,,,,,,,,,,,,,,,,,,,,,,,,,,,,,,,,,,,,,,,
"wtaes","wtaes;q0.833;c0.500;t0.4600","0","NaN","4","DBestGuess10",0,,,,,,,,,,,,,,,,,,,,,,,,,,,,,,,,,,,,,,,,,,,,,,,,,,,,,,,,,,,,,
"wtaes","wtaes;q0.833;c0.500;t0.4600","0","NaN","4","DBestGuess11",0,,,,,,,,,,,,,,,,,,,,,,,,,,,,,,,,,,,,,,,,,,,,,,,,,,,,,,,,,,,,,
"wtaes","wtaes;q0.833;c0.500;t0.4600","0","NaN","4","DBestGuess12",0.2,0,0,1,0,0,0,0,0,0,0.85,0.85,0.0002778,0.0166667,0.1,0.000278,0.0166667,0.0166667,0.0166667,0.1975,0.325,0.325,0.325,0.85,0.5,0.5,0.75,0.75,0.5,8.1532E-17,0.85,0.85,0.85,0.15,0.85,0.15,-0.05,-0.05,-0.5,0.833333,0.666667,0.566667,0.833333,0.833333,0.5,0.1,0.5,0.3,0.5,0.1,0.833333,0.5,1,0,0,0.5,0.5,0.833333,0.5,1,0,0.46
"wtaes","wtaes;q0.833;c0.500;t0.4600","0","NaN","4","DBestGuess13",0.2,0,0,1,0,0,0,0,0,0,0.85,0.85,0.0002778,0.0166667,0.1,0.000278,0.0166667,0.0166667,0.0166667,0.0575,0.185,0.185,0.185,0.85,0.5,0.5,0.95,0.95,0.7,-0.2,0.85,0.85,0.85,0.15,0.85,0.15,-0.05,-0.05,-0.5,0.833333,0.666667,0.616667,0.833333,0.833333,0.5,0.3,0.5,0.4,0.5,0.3,0.833333,0.5,1,0,0,0.5,0.5,0.833333,0.5,1,0,0.46
"wtaes","wtaes;q0.833;c0.500;t0.4600","0","NaN","4","DBestGuess14",0.2,0,0,1,0,0,0,0,0,0,0.85,0.85,0.0002778,0.0166667,0.15,0.000278,0.0166667,0.0166667,0.0166667,0.0225,0.15,0.15,0.15,0.85,0.5,0.5,1,1,0.75,-0.25,0.85,0.85,0.85,0.15,0.85,0.15,-0.05,-0.05,-0.5,0.833333,0.666667,0.666667,0.833333,0.833333,0.5,0.5,0.5,0.5,0.5,0.5,0.833333,0.5,1,0,0,0.5,0.5,0.833333,0.5,1,0,0.46
"wtaes","wtaes;q0.833;c0.500;t0.4600","0","NaN","4","DBestGuess15",0.2,0,0,1,0,0,0,0,0,0,0.85,0.85,0.0002778,0.0166667,0.15,0.000278,0.0166667,0.0166667,0.0166667,0.0225,0.15,0.15,0.15,0.85,0.5,0.5,1,1,0.75,-0.25,0.85,0.85,0.85,0.15,0.85,0.15,-0.05,-0.05,-0.5,0.833333,0.666667,0.716667,0.833333,0.833333,0.5,0.7,0.5,0.6,0.5,0.7,0.833333,0.5,1,0,0,0.5,0.5,0.833333,0.5,1,0,0.46
"wtaes","wtaes;q0.833;c0.500;t0.4600","0","NaN","4","DBestGuess16",0.2,0,0,1,0,0,0,0,0,0,0.85,0.85,0.0002778,0.0166667,0.15,0.000278,0.0166667,0.0166667,0.0166667,0.0225,0.15,0.15,0.15,0.85,0.5,0.5,1,1,0.75,-0.25,0.85,0.85,0.85,0.15,0.85,0.15,-0.05,-0.05,-0.5,0.833333,0.666667,0.766667,0.833333,0.833333,0.5,0.9,0.5,0.7,0.5,0.9,0.833333,0.5,1,0,0,0.5,0.5,0.833333,0.5,1,0,0.46
"wtaes","wtaes;q0.833;c0.500;t0.4600","0","NaN","4","DBestGuess17",0,,,,,,,,,,,,,,,,,,,,,,,,,,,,,,,,,,,,,,,,,,,,,,,,,,,,,,,,,,,,,
"wtaes","wtaes;q0.833;c0.500;t0.4600","0","NaN","4","DBestGuess18",0,,,,,,,,,,,,,,,,,,,,,,,,,,,,,,,,,,,,,,,,,,,,,,,,,,,,,,,,,,,,,
"wtaes","wtaes;q0.833;c0.500;t0.4600","0","NaN","4","DBestGuess19",0,,,,,,,,,,,,,,,,,,,,,,,,,,,,,,,,,,,,,,,,,,,,,,,,,,,,,,,,,,,,,
"wtaes","wtaes;q0.833;c0.500;t0.4600","0","NaN","4","DBestGuess20",0,,,,,,,,,,,,,,,,,,,,,,,,,,,,,,,,,,,,,,,,,,,,,,,,,,,,,,,,,,,,,
